Workbook

Sheet Stock Picks
A1: HONESTY WARNING (do not edit, hide, or move this)
A2: BEFORE you do anything with this file, CLICK HERE and carefully read
B4: STOCK PICKS
B6: Lemuel Williams Picks
B7: #VALUE!
B8: #VALUE!
B9: #VALUE!
B11: My Picks
B12: #VALUE!
B13: #VALUE!
B14: #VALUE!
B15: #VALUE! | C15: {=_FV(B15,"Name")} -> NETFLIX, INC.

Sheet Apple
A1: APPLE
C4: #VALUE!
C6: {=_xlfn.STOCKHISTORY(C4,"5/1/2015","5/1/2025",1,1,0,1,2,3,4,5)} -> Date | D6: Close | E6: Open | F6: High | G6: Low | H6: Volume | K6: Weekly Averge | M6: =AVERAGE(D7:D529) -> 102.77917
C7: 42121 | D7: 32.2375 | E7: 33.0775 | F7: 33.635 | G7: 31.145 | H7: 420972321 | K7: Weekly Variance | M7: =_xlfn.VAR.S(D7:D529,E7:E529) -> 4621.4788
C8: 42128 | D8: 31.905 | E8: 32.375 | F8: 32.6425 | G8: 30.84 | H8: 271891981 | K8: SD | M8: =_xlfn.STDEV.S(D7:D529) -> 68.131699
C9: 42135 | D9: 32.1925 | E9: 31.8475 | F9: 32.3725 | G9: 31.205 | H9: 208301514
C10: 42142 | D10: 33.135 | E10: 32.095 | F10: 33.2425 | G10: 32.09 | H10: 217297426 | K10: 52 wk High | M10: =MAX(F477:G529) -> 260.1
C11: 42150 | D11: 32.57 | E11: 33.15 | F11: 33.2275 | G11: 32.28 | H11: 198148567 | K11: 52 wk Low | M11: =MIN(F478:G530) -> 169.2101
C12: 42156 | D12: 32.1625 | E12: 32.8 | F12: 32.8475 | G12: 32.09 | H12: 170840884
C13: 42163 | D13: 31.7925 | E13: 32.225 | F13: 32.545 | G13: 31.405 | H13: 220114589
C14: 42170 | D14: 31.65 | E14: 31.525 | F14: 32.0775 | G14: 31.4275 | H14: 198525255
C15: 42177 | D15: 31.6875 | E15: 31.8725 | F15: 32.45 | G15: 31.6275 | H15: 195594004
C16: 42184 | D16: 31.61 | E16: 31.365 | F16: 31.735 | G16: 31.12 | H16: 150981872
C17: 42191 | D17: 30.82 | E17: 31.235 | F17: 31.5575 | G17: 29.805 | H17: 275718368
C18: 42198 | D18: 32.405 | E18: 31.2575 | F18: 32.405 | G18: 31.08 | H18: 189245034
C19: 42205 | D19: 31.125 | E19: 32.7425 | F19: 33.2425 | G19: 30.4975 | H19: 344269021
C20: 42212 | D20: 30.325 | E20: 30.7725 | F20: 30.9775 | G20: 30.2275 | H20: 191598511
C21: 42219 | D21: 28.88 | E21: 30.375 | F21: 30.6425 | G21: 28.025 | H21: 385000649
C22: 42226 | D22: 28.99 | E22: 29.1325 | F22: 29.9975 | G22: 27.4075 | H22: 345185326
C23: 42233 | D23: 26.44 | E23: 29.01 | F23: 29.4125 | G23: 26.4113 | H23: 320509056
... C529: 45775 | D529: 205.35 | E529: 210 | F529: 214.56 | G529: 202.16 | H529: 286233457

Sheet HPQ
A1: HPQ
C3: #VALUE!
C5: {=_xlfn.STOCKHISTORY(C3,"5/1/2015","5/1/2025",1,1,0,1,2,3,4,5)} -> Date | D5: Close | E5: Open | F5: High | G5: Low | H5: Volume | K5: Weekly Averge | M5: =AVERAGE(D5:D528) -> 23.812174
C6: 42121 | D6: 15.3454 | E6: 15.1593 | F6: 15.4044 | G6: 14.8596 | H6: 48097603 | K6: Weekly Variance | M6: =_xlfn.VAR.S(C6:D528) -> 4.8335638e+08
C7: 42128 | D7: 15.1683 | E7: 15.3454 | F7: 15.3863 | G7: 14.6417 | H7: 37590956 | K7: SD | M7: =_xlfn.STDEV.S(D6:D528) -> 7.6086032
C8: 42135 | D8: 15.2546 | E8: 15.1638 | F8: 15.3545 | G8: 14.9368 | H8: 41093289
C9: 42142 | D9: 15.7812 | E9: 15.2047 | F9: 16.1626 | G9: 14.88 | H9: 70482448 | K9: 52 wk High | M9: =MAX(F476:G528) -> 39.795
C10: 42150 | D10: 15.1638 | E10: 15.6496 | F10: 15.7177 | G10: 15.0821 | H10: 50144729 | K10: 52 wk Low | M10: =MIN(F476:G528) -> 21.21
C11: 42156 | D11: 14.9459 | E11: 15.1683 | F11: 15.5633 | G11: 14.8982 | H11: 54685083
C12: 42163 | D12: 14.7143 | E12: 14.8778 | F12: 15.0503 | G12: 14.619 | H12: 38472713
C13: 42170 | D13: 14.4374 | E13: 14.6508 | F13: 14.7824 | G13: 14.2921 | H13: 66444326
C14: 42177 | D14: 13.8608 | E14: 14.51 | F14: 14.5282 | G14: 13.7428 | H14: 63426766
C15: 42184 | D15: 13.9334 | E15: 13.77 | F15: 14.0787 | G15: 13.4023 | H15: 69912288
C16: 42191 | D16: 13.9153 | E16: 13.7927 | F16: 14.1196 | G16: 13.4931 | H16: 67484843
C17: 42198 | D17: 13.7836 | E17: 14.0469 | F17: 14.0651 | G17: 13.5975 | H17: 50364208
C18: 42205 | D18: 13.9879 | E18: 13.8018 | F18: 14.283 | G18: 13.661 | H18: 79762874
C19: 42212 | D19: 13.8563 | E19: 13.8426 | F19: 13.9925 | G19: 13.6248 | H19: 45559778
C20: 42219 | D20: 13.3523 | E20: 13.888 | F20: 13.9743 | G20: 13.3478 | H20: 55566044
C21: 42226 | D21: 13.0345 | E21: 13.3796 | F21: 13.7518 | G21: 12.8847 | H21: 48677301
C22: 42233 | D22: 12.4715 | E22: 12.9392 | F22: 13.3614 | G22: 12.2309 | H22: 89229511
... C528: 45775 | D528: 25.95 | E528: 25.28 | F528: 26.075 | G528: 24.92 | H528: 28974716

Sheet NIVIDIA
A1: NIVIDIA
D4: #VALUE!
D6: {=_xlfn.STOCKHISTORY(D4,"5/1/2015","5/1/2025",1,1,0,1,2,3,4,5)} -> Date | E6: Close | F6: Open | G6: High | H6: Low | I6: Volume | L6: Weekly Average | N6: =AVERAGE(E6:E529) -> 24.933303
D7: 42121 | E7: 0.5688 | F7: 0.5525 | G7: 0.5705 | H7: 0.5478 | I7: 1153905960 | L7: Weekly Variance
D8: 42128 | E8: 0.5206 | F8: 0.5683 | G8: 0.572 | H8: 0.5123 | I8: 2491247400 | L8: SD | N8: =_xlfn.STDEV.S(E7:E529) -> 37.028016
D9: 42135 | E9: 0.5325 | F9: 0.5135 | G9: 0.537 | H9: 0.5095 | I9: 1750344280
D10: 42142 | E10: 0.5215 | F10: 0.5313 | G10: 0.535 | H10: 0.5203 | I10: 1227905080 | L10: 52 wk High | N10: =MAX(G477:H529) -> 153.13
D11: 42150 | E11: 0.5533 | F11: 0.519 | G11: 0.557 | H11: 0.5144 | I11: 1354888920 | L11: 52 wk Low | N11: =MIN(G477:H529) -> 81.2546
D12: 42156 | E12: 0.5565 | F12: 0.5568 | G12: 0.565 | H12: 0.5393 | I12: 1484781760
D13: 42163 | E13: 0.5278 | F13: 0.5548 | G13: 0.5585 | H13: 0.5265 | I13: 1735940360
D14: 42170 | E14: 0.5468 | F14: 0.525 | G14: 0.553 | H14: 0.5205 | I14: 1452043640
D15: 42177 | E15: 0.5185 | F15: 0.5478 | G15: 0.5508 | H15: 0.5163 | I15: 1953427240
D16: 42184 | E16: 0.5105 | F16: 0.5125 | G16: 0.5225 | H16: 0.4993 | I16: 1156322760
D17: 42191 | E17: 0.4938 | F17: 0.5063 | G17: 0.5133 | H17: 0.479 | I17: 1715819560
D18: 42198 | E18: 0.5018 | F18: 0.4988 | G18: 0.5048 | H18: 0.4893 | I18: 1230686680
D19: 42205 | E19: 0.4855 | F19: 0.5018 | G19: 0.5038 | H19: 0.4793 | I19: 1053362360
D20: 42212 | E20: 0.4988 | F20: 0.4813 | G20: 0.5055 | H20: 0.4773 | I20: 1031959040
D21: 42219 | E21: 0.5745 | F21: 0.5028 | G21: 0.5843 | H21: 0.4963 | I21: 2952780200
D22: 42226 | E22: 0.5885 | F22: 0.5705 | G22: 0.5988 | H22: 0.567 | I22: 1972930560
D23: 42233 | E23: 0.5367 | F23: 0.5875 | G23: 0.5875 | H23: 0.5363 | I23: 1619833520
... D529: 45775 | E529: 114.5 | F529: 109.69 | G529: 115.4 | H529: 104.08 | I529: 1039513638

Sheet TSLA
A1: TSLA
D4: #VALUE!
D6: {=_xlfn.STOCKHISTORY(D4,"5/1/2015","5/1/2025",1,1,0,1,2,3,4,5)} -> Date | E6: Close | F6: Open | G6: High | H6: Low | I6: Volume | L6: Weekly Average | N6: =AVERAGE(E6:E529) -> 125.50542
D7: 42121 | E7: 15.0685 | F7: 14.8372 | G7: 15.9165 | H7: 14.6935 | I7: 30887629 | L7: Weekly Variance
D8: 42128 | E8: 15.7738 | F8: 15.2118 | G8: 15.9665 | H8: 14.6832 | I8: 29626547 | L8: SD | N8: =_xlfn.STDEV.S(E7:E529) -> 118.55363
D9: 42135 | E9: 16.5892 | F9: 15.7525 | G9: 16.6265 | H9: 15.6872 | I9: 24899355
D10: 42142 | E10: 16.5152 | F10: 16.4665 | G10: 16.7332 | H10: 16.0913 | I10: 14976744 | L10: 52 wk High | N10: =MAX(G477:H529) -> 488.5399
D11: 42150 | E11: 16.7198 | F11: 16.5118 | G11: 16.8577 | H11: 16.3365 | I11: 14343448 | L11: 52 wk Low | N11: =MIN(G477:H529) -> 167.41
D12: 42156 | E12: 16.6092 | F12: 16.7605 | G12: 16.7732 | H12: 16.3785 | I12: 11897012
D13: 42163 | E13: 16.7125 | F13: 16.7232 | G13: 17.2498 | H13: 16.5665 | I13: 14548989
D14: 42170 | E14: 17.5005 | F14: 16.6465 | G14: 17.6238 | H14: 16.4005 | I14: 14929489
D15: 42177 | E15: 17.8058 | F15: 17.4765 | G15: 18.0938 | H15: 17.0458 | I15: 17531828
D16: 42184 | E16: 18.6678 | F16: 17.4632 | G16: 18.8298 | H16: 17.3798 | I16: 15830998
D17: 42191 | E17: 17.2765 | F17: 18.5918 | G17: 18.7791 | H17: 16.9538 | I17: 22393071
D18: 42198 | E18: 18.3105 | F18: 17.4832 | G18: 18.3691 | H18: 17.0698 | I18: 13509641
D19: 42205 | E19: 17.6938 | F19: 18.3332 | G19: 19.1098 | H19: 17.3905 | I19: 19255837
D20: 42212 | E20: 17.7432 | F20: 17.4952 | G20: 17.9571 | H20: 16.7192 | I20: 15637207
D21: 42219 | E21: 16.1672 | F21: 17.7525 | G21: 18.0665 | H21: 15.7412 | I21: 30817467
D22: 42226 | E22: 16.2098 | F22: 15.8765 | G22: 16.5285 | H22: 15.5158 | I22: 21243948
D23: 42233 | E23: 15.3845 | F23: 17.0372 | G23: 17.3965 | H23: 15.3672 | I23: 26471998
... D529: 45775 | E529: 287.21 | F529: 288.98 | G529: 294.86 | H529: 270.78 | I529: 603713038

Sheet MSTR
A1: MSTR
D4: #VALUE!
D6: {=_xlfn.STOCKHISTORY(D4,"5/1/2015","5/1/2025",1,1,0,1,2,3,4,5)} -> Date | E6: Close | F6: Open | G6: High | H6: Low | I6: Volume | L6: Weekly Average | N6: =AVERAGE(E6:E529) -> 50.161325
D7: 42121 | E7: 18.268 | F7: 17.637 | G7: 19.7892 | H7: 16.901 | I7: 9381760 | L7: Weekly Variance
D8: 42128 | E8: 18.084 | F8: 18.282 | G8: 18.654 | H8: 17.507 | I8: 4126240 | L8: SD | N8: =_xlfn.STDEV.S(E7:E529) -> 76.133103
D9: 42135 | E9: 17.88 | F9: 18.027 | G9: 18.4174 | H9: 17.504 | I9: 3415050
D10: 42142 | E10: 17.53 | F10: 18.028 | G10: 18.0465 | H10: 17.271 | I10: 5390330 | L10: 52 wk High | N10: =MAX(G477:H529) -> 543
D11: 42150 | E11: 17.598 | F11: 17.316 | G11: 17.904 | H11: 17.02 | I11: 3291130 | L11: 52 wk Low | N11: =MIN(G477:H529) -> 101
D12: 42156 | E12: 18.043 | F12: 17.761 | G12: 18.117 | H12: 17.437 | I12: 3822720
D13: 42163 | E13: 17.875 | F13: 17.959 | G13: 18.282 | H13: 17.475 | I13: 4462750
D14: 42170 | E14: 17.769 | F14: 17.735 | G14: 17.905 | H14: 17.293 | I14: 3464830
D15: 42177 | E15: 17.386 | F15: 17.77 | G15: 17.9835 | H15: 17 | I15: 2436640
D16: 42184 | E16: 17.257 | F16: 17.211 | G16: 17.358 | H16: 16.7178 | I16: 2942550
D17: 42191 | E17: 17.57 | F17: 17.087 | G17: 17.7 | H17: 16.863 | I17: 4402320
D18: 42198 | E18: 18.563 | F18: 17.64 | G18: 18.71 | H18: 17.597 | I18: 4017220
D19: 42205 | E19: 18.143 | F19: 18.678 | G19: 18.739 | H19: 17.8053 | I19: 3759580
D20: 42212 | E20: 20.385 | F20: 18.067 | G20: 20.78 | H20: 17.585 | I20: 11085750
D21: 42219 | E21: 21.561 | F21: 20.438 | G21: 22.129 | H21: 20.307 | I21: 5606190
D22: 42226 | E22: 21.88 | F22: 21.621 | G22: 22.166 | H22: 21.248 | I22: 4454270
D23: 42233 | E23: 20.4 | F23: 21.761 | G23: 22.6475 | H23: 20.068 | I23: 5305110
... D529: 45775 | E529: 394.37 | F529: 373.29 | G529: 403.9 | H529: 354.53 | I529: 71184733

Sheet AMZN
A1: AMZN
D4: #VALUE!
D6: {=_xlfn.STOCKHISTORY(D4,"5/1/2015","5/1/2025",1,1,0,1,2,3,4,5)} -> Date | E6: Close | F6: Open | G6: High | H6: Low | I6: Volume | M6: Weekly Average | O6: =AVERAGE(E7:E529) -> 107.38715
D7: 42121 | E7: 21.1435 | F7: 22.193 | G7: 22.3495 | H7: 20.8 | I7: 20406821 | M7: Weekly Variance
D8: 42128 | E8: 21.6845 | F8: 21.24 | G8: 21.76 | H8: 20.7275 | I8: 13354278 | M8: SD | O8: =_xlfn.STDEV.S(E7:E529) -> 55.357341
D9: 42135 | E9: 21.3 | F9: 21.6255 | G9: 21.95 | H9: 21.215 | I9: 12466670
D10: 42142 | E10: 21.3815 | F10: 21.3 | G10: 21.845 | H10: 20.918 | I10: 13193658 | M10: 52 wk High | O10: =MAX(G477:H529) -> 242.52
D11: 42150 | E11: 21.4615 | F11: 21.31 | G11: 21.625 | H11: 21.1 | I11: 9403769 | M11: 52 wk Low | O11: =MIN(G478:H530) -> 151.61
D12: 42156 | E12: 21.3475 | F12: 21.52 | G12: 21.9195 | H12: 21.31 | I12: 11069639
D13: 42163 | E13: 21.496 | F13: 21.281 | G13: 21.9445 | H13: 20.957 | I13: 11610365
D14: 42170 | E14: 21.746 | F14: 21.383 | G14: 22.2495 | H14: 21.132 | I14: 14407772
D15: 42177 | E15: 21.905 | F15: 21.85 | G15: 22.352 | H15: 21.6845 | I15: 12551385
D16: 42184 | E16: 21.8855 | F16: 21.749 | G16: 22 | H16: 21.45 | I16: 8680539
D17: 42191 | E17: 22.1755 | F17: 21.7615 | G17: 22.236 | H17: 21.2785 | I17: 12412915
D18: 42198 | E18: 24.1505 | F18: 22.4145 | G18: 24.271 | H18: 22.377 | I18: 20708173
D19: 42205 | E19: 26.471 | F19: 24.6285 | G19: 29.0285 | H19: 23.785 | I19: 42333032
D20: 42212 | E20: 26.8075 | F20: 26.3875 | G20: 27.2475 | H20: 26.156 | I20: 23285349
D21: 42219 | E21: 26.131 | F21: 26.8725 | G21: 27.137 | H21: 25.9105 | I21: 16627844
D22: 42226 | E22: 26.576 | F22: 26.426 | G22: 26.733 | H22: 25.653 | I22: 14197247
D23: 42233 | E23: 24.7235 | F23: 26.5645 | G23: 26.9745 | H23: 24.7235 | I23: 18091518
... D529: 45775 | E529: 189.98 | F529: 190.105 | G529: 192.88 | H529: 178.85 | I529: 282237980

Sheet NFLX
A1: NFLX
D5: #VALUE!
D7: {=_xlfn.STOCKHISTORY(D5,"5/1/2015","5/1/2025",1,1,0,1,2,3,4,5)} -> Date | E7: Close | F7: Open | G7: High | H7: Low | I7: Volume | L7: Weekly Averge | N7: =AVERAGE(E8:E530) -> 363.85165
D8: 42121 | E8: 79.5756 | F8: 80.2928 | G8: 81.7856 | H8: 78.8942 | I8: 7583612 | L8: Weekly Variance
D9: 42128 | E9: 82.0856 | F9: 79.5713 | G9: 82.4428 | H9: 78.8999 | I9: 10090960 | L9: SD | N9: =_xlfn.STDEV.S(E8:E530) -> 212.86748
D10: 42135 | E10: 87.6071 | F10: 82.3242 | G10: 88.3483 | H10: 82.1856 | I10: 13270964
D11: 42142 | E11: 88.8385 | F11: 87.5442 | G11: 89.7856 | H11: 87.0242 | I11: 9557634 | L11: 52 wk High | N11: =MAX(G478:H530) -> 1106.7984
D12: 42150 | E12: 89.1513 | F12: 88.8742 | G12: 90.2056 | H12: 87.7862 | I12: 5812241 | L12: 52 wk Low | N12: =MIN(G479:H531) -> 108.262
D13: 42156 | E13: 90.4599 | F13: 88.8371 | G13: 90.5399 | H13: 87.9442 | I13: 6484497
D14: 42163 | E14: 94.4185 | F14: 90.7142 | G14: 98.9699 | H14: 88.9956 | I14: 18171083
D15: 42170 | E15: 93.8713 | F15: 92.8571 | G15: 96.4178 | H15: 91.6585 | I15: 10540002
D16: 42177 | E16: 93.0885 | F16: 95.0428 | G16: 100.8913 | H16: 93.0885 | I16: 25919434
D17: 42184 | E17: 94.0442 | F17: 91.5056 | G17: 95.2385 | H17: 91.1171 | I17: 9601285
D18: 42191 | E18: 97.2285 | F18: 93.4728 | G18: 98.5027 | H18: 92.2842 | I18: 12105751
D19: 42198 | E19: 114.77 | F19: 98.0985 | G19: 117.88 | H19: 97.05 | I19: 127059598
D20: 42205 | E20: 109.34 | F20: 114.7 | G20: 114.7 | H20: 108.9 | I20: 63694722
D21: 42212 | E21: 114.31 | F21: 107.79 | G21: 115 | H21: 103.88 | I21: 59732476
D22: 42219 | E22: 123.52 | F22: 114.6 | G22: 129.29 | H22: 111.78 | I22: 108822041
D23: 42226 | E23: 123.39 | F23: 126.09 | G23: 126.5 | H23: 118.66 | I23: 62855077
D24: 42233 | E24: 103.96 | F24: 123.14 | G24: 126.749 | H24: 102.751 | I24: 90004727
... D530: 45775 | E530: 115.649 | F530: 110 | G530: 115.944 | H530: 108.262 | I530: 191488720

Sheet Summary

Sheet Results
E2: Result Table
F3: AAPL | J3: HPQ | N3: NIVIDIA | R3: TSLA
E4: Weekly Averge | G4: =AVERAGE(Apple!D7:D529) -> 102.77917 | I4: Weekly Averge | K4: =AVERAGE(HPQ!D6:D528) -> 23.812174 | M4: Weekly Average | O4: =AVERAGE(NIVIDIA!E7:E529) -> 24.933303 | Q4: Weekly Average | S4: =AVERAGE(Apple!D7:D529) -> 102.77917
E5: Weekly Variance | I5: Weekly Variance | K5: =_xlfn.VAR.S(A5:B519) -> #DIV/0! | M5: Weekly Variance | Q5: Weekly Variance
E6: SD | G6: =Apple!M8 -> 68.131699 | I6: SD | K6: =_xlfn.STDEV.S(HPQ!D6:D528) -> 7.6086032 | M6: SD | O6: =_xlfn.STDEV.S(Apple!D7:D529) -> 68.131699 | Q6: SD | S6: =_xlfn.STDEV.S(TSLA!E7:E529) -> 118.55363
E7: 52 wk High | G7: =MAX(Apple!M10) -> 260.1 | I7: 52 wk High | K7: =MAX(HPQ!F476:G528) -> 39.795 | M7: 52 wk High | O7: =MAX(NIVIDIA!G477:H529) -> 153.13 | Q7: 52 wk High | S7: =MAX(TSLA!G477:H529) -> 488.5399
E8: 52 wk Low | G8: =MIN(Apple!M11) -> 169.2101 | I8: 52 wk Low | K8: =MIN(HPQ!F477:G529) -> 21.21 | M8: 52 wk Low | O8: =MIN(NIVIDIA!G478:H530) -> 86.62 | Q8: 52 wk Low | S8: =MIN(TSLA!G478:H530) -> 167.41
F10: MSTR | J10: AMZN | N10: NFLX
E11: Weekly Average | G11: =AVERAGE(MSTR!E7:E529) -> 50.161325 | I11: Weekly Average | K11: =AVERAGE(AMZN!E7:E529) -> 107.38715 | M11: Weekly Averge | O11: =AVERAGE(NFLX!E8:E530) -> 363.85165
E12: Weekly Variance | I12: Weekly Variance | M12: Weekly Variance
E13: SD | G13: =_xlfn.STDEV.S(MSTR!E7:E529) -> 76.133103 | I13: SD | K13: =_xlfn.STDEV.S(AMZN!E7:E529) -> 55.357341 | M13: SD | O13: =_xlfn.STDEV.S(NFLX!E8:E530) -> 212.86748
E14: 52 wk High | G14: =MAX(MSTR!G477:H529) -> 543 | I14: 52 wk High | K14: =MAX(AMZN!G477:H529) -> 242.52 | M14: 52 wk High | O14: =MAX(NFLX!G477:H530) -> 1106.7984
E15: 52 wk Low | G15: =MIN(MSTR!G478:H530) -> 102.402 | I15: 52 wk Low | K15: =MIN(AMZN!G478:H530) -> 151.61 | M15: 52 wk Low | O15: =MIN(NFLX!G478:H531) -> 108.262

Sheet Dashboard
D3: Previous Closing Price | E3: 52 week min price | F3: 52 week max price | G3: Volume | H3: Market Captilaztion | I3: Price to Earnings | J3: Earnings per share
C4: #VALUE! | D4: {=_FV(C4,"Previous close",TRUE)} -> 259.88 | E4: {=_FV(C4,"52 week high",TRUE)} -> 288.62 | F4: {=_FV(C4,"52 week low",TRUE)} -> 169.2101 | G4: {=_FV(C4,"Volume")} -> 28544718 | H4: {=_FV(C4,"Market cap",TRUE)} -> 3834905241000 | I4: {=_FV(C4,"P/E",TRUE)} -> 33.1377 | J4: =Apple!D529/Dashboard!I4 -> 6.1968694
C5: #VALUE! | D5: {=_FV(C5,"Previous close",TRUE)} -> 18.93 | E5: {=_FV(C5,"52 week high",TRUE)} -> 30.5 | F5: {=_FV(C5,"52 week low",TRUE)} -> 17.56 | G5: {=_FV(C5,"Volume")} -> 18300737 | H5: {=_FV(C5,"Market cap",TRUE)} -> 17193543760 | I5: {=_FV(C5,"P/E",TRUE)} -> 7.0978 | J5: =HPQ!$D$528/Dashboard!I5 -> 3.6560624
C6: #VALUE! | D6: {=_FV(C6,"Previous close",TRUE)} -> 182.65 | E6: {=_FV(C6,"52 week high",TRUE)} -> 212.1899 | F6: {=_FV(C6,"52 week low",TRUE)} -> 86.62 | G6: {=_FV(C6,"Volume")} -> 177545459 | H6: {=_FV(C6,"Market cap",TRUE)} -> 4489911000000 | I6: {=_FV(C6,"P/E",TRUE)} -> 37.6943 | J6: =NIVIDIA!E529/Dashboard!I6 -> 3.0375945
C7: #VALUE! | D7: {=_FV(C7,"Previous close",TRUE)} -> 398.68 | E7: {=_FV(C7,"52 week high",TRUE)} -> 498.83 | F7: {=_FV(C7,"52 week low",TRUE)} -> 214.25 | G7: {=_FV(C7,"Volume")} -> 58631119 | H7: {=_FV(C7,"Market cap",TRUE)} -> 1498102189520 | I7: {=_FV(C7,"P/E",TRUE)} -> 371.2433 | J7: =TSLA!E529/Dashboard!I7 -> 0.77364359
C8: #VALUE! | D8: {=_FV(C8,"Previous close",TRUE)} -> 138.95 | E8: {=_FV(C8,"52 week high",TRUE)} -> 457.22 | F8: {=_FV(C8,"52 week low",TRUE)} -> 104.165 | G8: {=_FV(C8,"Volume")} -> 18159623 | H8: {=_FV(C8,"Market cap",TRUE)} -> 44372553120 | I8: {=_FV(C8,"P/E",TRUE)} -> 0 | J8: =MSTR!E529/[1]I8I9Dashboard!I8 -> #REF!
C9: #VALUE! | D9: {=_FV(C9,"Previous close",TRUE)} -> 213.49 | E9: {=_FV(C9,"52 week high",TRUE)} -> 258.6 | F9: {=_FV(C9,"52 week low",TRUE)} -> 161.38 | G9: {=_FV(C9,"Volume")} -> 35435341 | H9: {=_FV(C9,"Market cap",TRUE)} -> 2300815403600 | I9: {=_FV(C9,"P/E",TRUE)} -> 29.8834 | J9: =AMZN!E529/Dashboard!I9 -> 6.3573757
C10: #VALUE! | D10: {=_FV(C10,"Previous close",TRUE)} -> 98.32 | E10: {=_FV(C10,"52 week high",TRUE)} -> 134.115 | F10: {=_FV(C10,"52 week low",TRUE)} -> 75.01 | G10: {=_FV(C10,"Volume")} -> 40877954 | H10: {=_FV(C10,"Market cap",TRUE)} -> 409296384280 | I10: {=_FV(C10,"P/E",TRUE)} -> 38.3587 | J10: =NFLX!E530/Dashboard!I10 -> 3.0149353

Sheet VBA
A1: Spring 2025
A2: Cordier-06
